Manufacturers Name,business name,date of accident,Time of Accident,AM/PM,vehicle year,make,model,state vehicle is registered in,address/location of accident,city,county,state,zip code,vehicle movment status,involved in the accident,number of vehicle involved,vehicle damage,Damage locations,other vehicle year,other vehicle model,other vehicle state registration,other vehicle movment status,other vehicle involved in accident,other vehicle number of vehicle involved,injury/death or property 1,injury/death or property 2,autonomus mode,accident decription,weather vehicle 1,weather vehicle 2,lighting vehicle 1,lighting vehicle 2,road surface vehicle 1,road surface vehicle 2,road conditions vehicle 1,road conditions vehicle 2,movment preceding collision vehicle 1,movment preceding collision vehicle 2,type of collsion vehcile 1,type of collsion vehcile 2,other factors,
Apple Inc.,Apple Inc.,01/26/2024,11:06,0,2017,Lexus,RX 450h,CA,I-580E and I-238 Junction,Castro Valley,Alameda,CA,94546,0,-1,1,2,27,Empty,Empty,Empty,-1,-1,Empty,-1,-1,0,"On January 26th, a test vehicle operating with the automated driving system engaged was traveling Eastbound on Interstate 580 in Castro Valley when a nearby semi-trailer truck merging from Interstate 238 generated a draft that projected road debris onto the test vehicle. No injuries were reported and law enforcement was not called to the scene. The test vehicle sustained minor damage.",1,-1,0,-1,0,-1,6,-1,1,-1,4,-1,12,
Nuro Inc,Nuro Inc,01/31/2024,04:20,1,2022,Toyota,Prius,CA,Intersection of Boyce Ave and Fife Ave,Palo Alto,Santa Clara,CA,94301,0,-1,2,2,3,2023,Honda CR-V,CA,0,-1,2,-1,-1,1,"On Wednesday, January 31st at approximately 4:20pm, a Nuro Prius was operating in autonomous mode driving south on Boyce Ave in Palo Alto. As the Prius proceeded straight through the intersection of Boyce Ave. and Fife Ave. a Honda CR-V ran the Fife Ave. stop sign and initiated a left turn. The Honda CR-V rear-ended the Nuro Prius, though the Nuro driver took control of the Prius and nudged right in an attempt to avoid impact. Both vehicles sustained de minimis damage. Law enforcement was not involved and there were no injuries reported or VRUs present. ",2,-1,-1,-1,1,-1,7,-1,1,4,2,0,12,
Waymo LLC,Waymo LLC,01/31/2024,05:15,1,2021,Jaguar,I-Pace,CA,Potrero Avenue near 22nd Street,San Francisco,San Francisco,CA,94110,1,-1,2,2,0,2018,Toyota Camry L / LE / SE / XLE,CA,0,-1,2,-1,-1,0,"On January 31, 2024 at 5:15 PM PT a Waymo Autonomous Vehicle (“Waymo AV”) operating in San Francisco, California was in a collision involving a passenger vehicle on Potrero Avenue near 22nd Street.The Waymo AV was traveling southbound on Potrero Avenue in the leftmost thru lane, adjacent to a dedicated left turn lane on its left. As the Waymo AV approached the intersection with 22nd Street, it came to a stop behind its lead vehicle. The passenger vehicle behind the Waymo AV then attempted to change lanes into the dedicated left turn lane, and made contact with the rear driver side corner of the Waymo AV. At the time of the impact, the Waymo AV’s Level 4 ADS was engaged in autonomous mode. Both vehicles sustained damage.",1,1,0,0,1,1,7,7,0,9,-1,1,-1,
Waymo LLC,Waymo LLC,02/05/2024,10:01,1,2021,Jaguar,I-Pace,CA,Watt Way and West Exposition Boulevard,Los Angeles,Los Angeles,CA,90089,0,-1,1,2,18,Empty,Empty,Empty,-1,-1,Empty,-1,-1,0,"On February 5, 2024 at 10:01 PM PT a Waymo Autonomous Vehicle (“Waymo AV”) operating in Los Angeles, California was in a collision involving a gate at Watt Way and West Exposition Boulevard.The Waymo AV was traveling south on Watt when it approached an automatic gate as it had started to close. The right side of the Waymo AV made contact with the door of the gate. At the time of the impact, the Waymo AV’s Level 4 ADS was engaged in autonomous mode. The Waymo AV sustained damage.",2,-1,2,-1,1,-1,7,-1,1,-1,1,-1,-1,
Apple Inc.,Apple Inc.,02/15/2024,12:03,1,2016,Lexus,RX 450h,CA,US 101N at Ellis St Exit,Sunnyvale,Santa Clara,CA,94089,0,-1,1,2,12,Empty,Empty,Empty,-1,-1,Empty,-1,-1,1,"On February 15th, a test vehicle operating with the automated driving system engaged was traveling Northbound on Highway 101 in Sunnyvale. The safety driver disengaged just prior to running over a piece of metal in the road. No injuries were reported and law enforcement was not called to the scene. The vehicle sustained minor damage.",1,-1,0,-1,0,-1,6,-1,1,-1,4,-1,12,
Waymo LLC,Waymo LLC,02/18/2024,01:03,0,2021,Jaguar,I-Pace,CA,The Embarcadero at Washington Street,San Francisco,San Francisco,CA,94111,1,-1,2,2,2,Empty,Toyota Camry,Empty,0,-1,2,-1,-1,0,"On February 18, 2024 at 1:03 AM PT a Waymo Autonomous Vehicle (""Waymo AV"") operating in San Francisco, California was in a collision involving a passenger car on The Embarcadero at Washington Street.The Waymo AV was stopped in traffic for a red light on The Embarcadero southbound when a passenger car approached from behind and made contact with the rear of the Waymo AV. At the time of the impact, the Waymo AV's Level 4 ADS was engaged in autonomous mode, and a test driver was present (in the driver's seating position). Both vehicles sustained damage and the passenger car left the scene.",1,1,2,2,1,1,7,7,0,1,-1,2,-1,
Zoox Inc.,Zoox,02/22/2024,11:00,0,2019,Toyota,Highlander,CA,On Mission St at 9th St,San Francisco,San Francisco,CA,94103,0,2,2,3,19 23 ,Empty,Empty,CA,0,-1,Empty,-1,-1,0,"A Zoox vehicle (Vehicle 1) in autonomy, traveling northeast on Mission St, was stopped in lane for a red traffic light at 9th Street. A SamTrans bus (Vehicle 2), with a front-mounted triple-bike rack extending past the width of the bus on the driver's side, was traveling southeast on 9th Street and attempting a right turn onto Mission St. The protruding edge of the bike rack was encroaching into the Zoox vehicle's travel lane as the bus was executing the right hand turn. As the light turned green the Zoox vehicle inched forward and attempted to steer away from the bus. Just as the safety operator disengaged from autonomy, the protruding edge of the bike rack made contact with the driver's side fender on the Zoox vehicle. There were no reported injuries and the police were not called.",0,0,0,0,-1,-1,7,7,1,12,1,1,-1,
Zoox Inc.,Zoox,02/22/2024,01:52,1,2019,Toyota,Highlander,CA,Harrison and 13th Street,San Francisco,San Francisco,CA,94103,1,2,2,3,0 1 2 ,Empty,Toyota Prius,CA,0,-1,Empty,-1,-1,1,"A Zoox vehicle (Vehicle 1) in autonomy was traveling southwest on Harrison St and turning right onto 13th Street on a green traffic signal. While executing the turn, the Zoox vehicle braked to achieve a minimal risk condition due to an unexpected system fault, the safety operator disengaged, and then was rear ended by a passenger car (Vehicle 2) that was also turning directly behind the Zoox vehicle. The rear bumper cover and rear radar unit on the Zoox vehicle sustained damage. The hood, front grille and front bumper cover on the passenger car appeared to have sustained damage. There were no reported injuries and police were not called.",0,0,0,0,0,0,7,7,0,3,2,0,-1,
Waymo LLC,Waymo LLC,03/02/2024,08:15,0,2024,Jaguar,I-Pace,CA,Odd Fellows Way and 7th Street,San Francisco,San Francisco,CA,94103,0,-1,1,2,0,Empty,Empty,Empty,-1,-1,Empty,-1,-1,1,"On March 2, 2024 at 8:14 AM PT a Waymo Autonomous Vehicle (""Waymo AV"") operating in San Francisco, California was in a collision involving a dumpster on Odd Fellows Way, at the rear garage exit of 1155 Market Street. The Waymo AV was making a reversing right turn out of the parking garage onto Odd Fellows Way when the rear left corner of the Waymo AV made contact with a dumpster which was next to the curb in the roadway opposite the garage exit.  At the time of the impact, the Waymo AV's Level 4 ADS was not engaged and a test driver was operating the Waymo AV in manual mode. The Waymo AV sustained damage.",0,-1,0,-1,1,-1,7,-1,6,-1,2,-1,-1,
Waymo LLC,Waymo LLC,03/03/2024,03:12,1,2024,Jaguar,I-Pace,CA,2323 Cesar Chavez Street,San Francisco,San Francisco,CA,94124,0,-1,2,2,10 14 18 ,2017,Ford 4C,CA,0,-1,2,-1,-1,0,"On March 3, 2024 at 3:12 PM PT a Waymo Autonomous Vehicle (""Waymo AV"") operating in San Francisco, California was in a collision involving a pick-up truck near the 2300 block of Cesar Chavez Street.The Waymo AV was traveling westbound on Cesar Chavez Street towards 26th Street when it approached a pick-up truck which was oriented with its rear partially in the roadway on the north side of Cesar Chavez street. The pick-up truck was stationary but its reverse lights were illuminated. The Waymo AV came to a stop momentarily to yield to the pick-up truck, then began moving again to pass the pick-up truck, which had remained stopped. After the Waymo AV started moving, the pick-up truck began reversing further out of the driveway and the rear of the pick-up truck made contact with the right side of the Waymo AV. At the time of the impact, the Waymo AV's Level 4 ADS was engaged in autonomous mode, and a test driver was present (in the driver’s seating position). Both vehicles sustained damage.",2,2,0,0,1,1,7,7,1,6,-1,3,-1,
Waymo LLC,Waymo LLC,03/08/2024,12:06,1,2021,Jaguar,I-Pace,CA,S Figueroa Street at Venice Boulevard,Los Angeles,Los Angeles,CA,90015,0,-1,2,2,2,2024,Audi Q3 Quattro,Empty,0,-1,2,-1,-1,0,"On March 8, 2024 at 12:06 PM PT a Waymo Autonomous Vehicle (""Waymo AV"") operating in Los Angeles, California was in a collision involving a passenger car near the 1600 block of S. Figueroa Street. The Waymo AV made a left turn from W. 17th Street onto S. Figueroa Street and came to a stop in a queue of stopped traffic. A passenger car traveling straight on S. Figueroa Street behind the Waymo AV made contact with the rear of the Waymo AV.  At the time of the impact, the Waymo AV's Level 4 ADS was engaged in autonomous mode. The Waymo AV sustained damage and the passenger car left the scene.",0,0,0,0,0,0,7,7,0,1,-1,2,-1,
Nuro Inc,Nuro Inc,03/12/2024,08:20,1,2022,Toyota,Prius,CA,Intersection of Thompson Ave. and Alvin Street,Mountain View,Santa Clara,CA,94043,0,-1,1,2,23,Empty,Empty,Empty,-1,-1,Empty,-1,-1,1,"On Tuesday, March 12th, a Nuro Prius vehicle operating in manual was turning left from Alvin Street onto Thompson Ave in Mountain View, California. The Prius vehicle bumped the medium and knocked over a white pylon. The vehicle had minor damage and no injuries were reported. No other vehicles or VRUs were involved. Law enforcement was not involved. ",0,-1,1,-1,0,-1,7,-1,4,-1,4,-1,12,
Waymo LLC,Waymo LLC,03/14/2024,02:42,1,2021,Jaguar,I-Pace,CA,S Figueroa Street at 7th Street,Los Angeles,Los Angeles,CA,90017,1,-1,2,2,10 18 ,2007,Toyota Avalon Limited / Touring / XL / XLS,CA,0,-1,2,-1,-1,0,"On March 14, 2024 at 2:42 PM PT a Waymo Autonomous Vehicle (“Waymo AV”) operating in Los Angeles, California was in a collision involving a passenger car on S Figueroa Street at 7th Street. The Waymo AV was traveling northeast on S Figueroa Street in the lane adjacent to the rightmost, bus-only lane. As the Waymo AV approached the intersection with 7th Street, it came to a stop behind another vehicle stopped in traffic. As a passenger car was passing the Waymo AV in the bus lane to the right of the Waymo AV, the passenger car made contact with the passenger side of the Waymo AV. At the time of the impact, the Waymo AV’s Level 4 ADS was engaged in autonomous mode. The Waymo AV sustained damage and the passenger car left the scene.Waymo is reporting this crash under Request No. 2 of Standing General Order 2021-01. ",0,0,0,0,0,0,7,7,0,8,-1,1,-1,
Zoox Inc.,Zoox,03/18/2024,04:46,1,2017,Toyota,Highlander,CA,On 3rd Avenue at S Norfolk St,San Mateo,San Mateo,CA,94401,1,2,2,1,-1,2013,Honda Fit,CA,0,-1,Empty,2,-1,1,"A Zoox vehicle (Vehicle 1), operating in manual mode, was traveling northeast on 3rd Avenue toward Norfolk St in San Mateo. The Zoox vehicle was stopped in the right through lane behind traffic for a red traffic signal, when it was rear ended by a passenger car (Vehicle 2) that was traveling directly behind. There was no visible damage to either vehicle and the police were not called. The safety operator of the Zoox vehicle reported back pain a few days after the collision. Zoox vehicle camera footage shows that the driver of the passenger car may not have been looking ahead at the roadway prior to and at the time of contact.",0,0,0,0,0,0,7,7,0,1,2,0,3,
Waymo LLC,Waymo LLC,03/19/2024,07:18,0,2024,Jaguar,I-Pace,CA,Division Street at 9th Street,San Francisco,San Francisco,CA,94103,0,-1,2,2,0 1 2 ,2020,Tesla Model 3,CA,0,-1,2,-1,-1,0,"On March 19, 2024 at 7:18 AM PT a Waymo Autonomous Vehicle (""Waymo AV"") operating in San Francisco, California was in a collision involving a passenger car on Division Street at 9th Street. The Waymo AV was traveling west on Division Street after having stopped at the stop sign at Vermont Street and was approaching the intersection with 9th Street when a passenger car approached from behind the Waymo AV, ran the stop sign at Vermont Street, and made contact with the rear of the Waymo AV. The front of the passenger car made continuous contact with the rear of the Waymo AV while both vehicles were still in motion for a short period of time before the passenger car slowed down and separated from the AV. The Waymo AV proceeded through the intersection with 9th Street and came to a stop on Division Street west of the intersection with 9th Street. The passenger car then accelerated and the front right corner of the passenger car made contact with the rear left corner of the stationary Waymo AV. At the time of the impact, the Waymo AV's Level 4 ADS was engaged in autonomous mode. Both vehicles sustained damage.",1,1,0,0,0,0,7,7,1,1,-1,2,-1,
Waymo LLC,Waymo LLC,03/22/2024,08:00,1,2024,Jaguar,I-Pace,CA,Church Street at Market Street,San Francisco,San Francisco,CA,94114,1,-1,2,2,1 2 ,2012,Audi Q5 3.2 Quattro Premium Plus,Empty,0,-1,Empty,-1,-1,0,"On March 22, 2024 at 08:00 PM PT a Waymo Autonomous Vehicle (""Waymo AV"") operating in San Francisco, California was in a collision involving a passenger car near the 200 block of Church Street before Market Street. The Waymo AV was traveling north on Church Street towards the intersection with Market Street when it came to a stop behind an SUV which was stopped in-lane to load passengers. Another SUV approached from behind the Waymo AV and came to a stop. The lead SUV finished loading passengers and proceeded forward to the stop line at Market Street, and the Waymo AV proceeded forward as well. The trailing SUV proceeded forward and the front of the SUV made contact with the rear of the Waymo AV.  At the time of the impact, the Waymo AV's Level 4 ADS was engaged in autonomous mode. The Waymo AV sustained damage and the SUV left the scene.",2,2,2,2,1,1,7,7,0,1,-1,2,-1,
Waymo LLC,Waymo LLC,03/28/2024,07:30,0,2021,Jaguar,I-Pace,CA,Louisiana Avenue at Kerwood Avenue,Los Angeles,Los Angeles,CA,90025,0,-1,2,2,26,Empty,BMW 430i,CA,1,-1,2,-1,-1,0,"On March 28, 2024 at 7:30 AM PT a Waymo Autonomous Vehicle (“Waymo AV”) operating in Los Angeles, California was in a collision involving a passenger car on Louisiana Avenue at Kerwood Avenue. While making a tight left turn from southbound Kerwood Avenue onto northeastbound Louisiana Avenue, the Waymo AV made contact with the driver side of a parked passenger car. At the time of the impact, the Waymo AV’s Level 4 ADS was engaged in autonomous mode, and a test driver was present (in the driver’s seating position). Both vehicles sustained damage.",0,0,0,0,0,0,7,7,4,14,1,-1,-1,
Waymo LLC,Waymo LLC,03/30/2024,01:33,0,2021,Jaguar,I-Pace,CA,Jerrold Avenue at Barneveld Avenue,San Francisco,San Francisco,CA,94124,1,-1,2,2,0,2007,Nissan Murano S / SE / SL,Empty,0,-1,2,-1,-1,0,"On March 30, 2024 at 1:33 AM PT, a Waymo Autonomous Vehicle (""Waymo AV"") operating in San Francisco, California was in a collision involving an SUV on Jerrold Avenue at Barneveld Avenue.The Waymo AV was stopped at a stop sign on Jerrold Avenue and yielding to a pickup truck that was in the intersection making a left turnfrom Barneveld Avenue onto Jerrold Avenue when the front right corner of the SUV, which was traveling behind the Waymo AV, madecontact with the rear left corner of the Waymo AV. At the time of the impact, the Waymo AV's Level 4 ADS was engaged in autonomousmode. Both vehicles sustained damage.",2,2,2,2,1,1,7,7,0,13,-1,2,-1,
Zoox Inc.,Zoox,04/02/2024,07:25,1,2023,Zoox,AV,CA,3rd Avenue toward Foster City Blvd,Foster City,San Mateo,CA,94404,0,2,1,3,20 21 24 25 ,Empty,None,Empty,-1,-1,Empty,-1,-1,0,"A Zoox vehicle in autonomy, traveling westbound on 3rd Avenue toward Foster City Blvd in Foster City drove over an in-lane utility valve box with a displaced valve cover. The Zoox vehicle sustained damage to the undercarriage. There were no reported injuries and police were not called.",0,-1,1,-1,-1,-1,1,-1,1,-1,4,-1,-1,
Waymo LLC,Waymo LLC,04/11/2024,10:14,0,2021,Jaguar,I-Pace,CA,Vallejo Street at Stockton Street,San Francisco,San Francisco,CA,94133,1,-1,2,2,23,Empty,Isuzu Truck,Empty,0,-1,2,-1,-1,1,"On April 11, 2024 at 10:14 AM PT a Waymo Autonomous Vehicle (""Waymo AV"") operating in San Francisco, California was in a collision involving a heavy truck on Vallejo Street at Stockton Street. The Waymo AV was traveling westbound on Vallejo Street and stopped at a red light. A heavy truck was turning left onto Vallejo Street from Stockton Street. As the heavy truck approached, the Waymo AV started to slowly reverse to make more space. The test driver transitioned to manual, and the driver’s side of the heavy truck and the driver's side front corner of the Waymo AV made contact. The heavy truck left the scene. At the time of the impact, the Waymo AV was not engaged and a test driver was operating the Waymo AV in manual mode. The Waymo AV sustained damage.",0,0,0,0,0,0,7,7,6,4,-1,1,-1,
Waymo LLC,Waymo LLC,04/13/2024,03:35,1,2021,Jaguar,I-Pace,CA,Bayshore Boulevard at Boutwell Street,San Francisco,San Francisco,CA,94124,0,-1,2,3,6 22 ,2003,Ford F-350 Super Duty Lariat,CA,1,-1,2,-1,-1,0,"On April 13, 2024 at 3:35 PM PT a Waymo Autonomous Vehicle (""Waymo AV"") operating in San Francisco, California was in a collision involving a pickup truck on Bayshore Boulevard near Boutwell Street. The Waymo AV was traveling southbound on Bayshore Boulevard in the far right lane when it passed a pickup truck that was stopped in the bike lane. As the Waymo passed the pickup truck, the driver of the pickup truck opened the driver’s side door and the door made contact with the Waymo’s passenger side wing mirror and rear right sensor housing.  At the time of the impact, the Waymo AV's Level 4 ADS was engaged in autonomous mode, and a test driver was present (in the driver's seating position). The Waymo AV sustained damage.",1,1,0,0,-1,-1,7,7,1,0,-1,7,-1,
Zoox Inc.,Zoox,04/17/2024,05:20,1,2019,Toyota,Highlander,CA,On Folsom St at 21st St,San Francisco,San Francisco,CA,94110,0,2,1,2,19,Empty,Empty,Empty,-1,-1,Empty,-1,-1,1,"A Zoox vehicle, operating in manual mode, was traveling north on Folsom Street, preparing to turn left onto 21st Street in San Francisco when the front wheel on the driver's side rode over a traffic island to the left side of the Zoox vehicle. The sidewall of the tire was damaged as a result of the interaction. There were no reported injuries and the police were not called.",0,-1,0,-1,0,-1,7,-1,4,-1,4,-1,-1,
"Pony.AI, Inc.",Pony.ai,04/23/2024,03:05,1,2019,Lincoln,MKZ,CA,Lakeview Blvd & Gateway Blvd,Fremont,Alameda,CA,94538,0,-1,1,1,-1,Empty,Empty,Empty,-1,-1,Empty,-1,5,0,"On April 23, 2024, a Pony.ai autonomous vehicle (AV) scraped a curb on Lakeview Blvd near the intersection of Lakeview Blvd & Gateway Blvd in Fremont, CA. The vehicle was operating in supervised autonomous (""Drivered"") mode. There were no other vehicles, pedestrians, or road users involved.Following the incident, the safety operator promptly drove the AV, in manual mode, to Pony.ai's Fremont office. There were no injuriesreported, and the police were not called.",0,-1,0,-1,0,-1,7,-1,3,-1,7,-1,-1,
Zoox Inc.,Zoox,04/28/2024,12:51,1,2019,Toyota,Highlander,CA,Intersection of 11th and Bryant St,San Francisco,San Francisco,CA,94103,0,2,2,2,2 6 ,Empty,Honda PCX,CA,0,-1,Empty,-1,-1,1,"A Zoox vehicle (Vehicle 1) in autonomy was stopped at a red light in the right travel lane on southbound 11th Street at the intersection with Bryant/Division Streets in San Francisco. After the light turned green, the Zoox vehicle entered the intersection and began bearing right onto southbound Bryant Street when a lane-splitting motorcycle (Vehicle 2) operator maneuvered around other traffic and quickly came up on the rear of the Zoox vehicle, traversing laterally in lane from the left to the right side of the Zoox vehicle. The Zoox vehicle braked and then the Zoox vehicle operator disengaged. The motorcycle then struck the passenger’s side of the rear bumper and quarter panel on the Zoox vehicle and the motorcycle and its operator fell to the ground. The motorcycle operator appeared to have scraped his hands, but declined medical attention. The motorcycle sustained minor damage to the fairing, left side mirror, and front and rear left turn signal lens and the Zoox vehicle did not sustain damage. The motorcycle operator left the scene without exchanging their information. The police were not called.",0,0,0,0,0,0,7,7,1,1,2,0,-1,
Waymo LLC,Waymo LLC,05/08/2024,11:16,1,2024,Jaguar,I-Pace,CA,I-280 Junipero Serra FWY between exits 49B & 51 ,San Francisco,San Francisco,CA,94112,0,2,1,2,23 27 ,Empty,Empty,Empty,-1,-1,Empty,-1,-1,1,"On May 8, 2024 at 11:16 PM PT a Waymo Autonomous Vehicle (“Waymo AV”) operating in San Francisco, California was in a collision involving a wild animal (raccoon) on Interstate 280 Junipero Serra Freeway between exits 49B and 51. The Waymo AV was traveling eastbound on Interstate 280 in autonomous mode when a raccoon ran into the roadway from the left side of the highway in front of the Waymo AV. The Waymo AV test driver transitioned to manual mode shortly before the front driver’s side of the Waymo AV made contact with the raccoon. At the time of the impact, the Waymo AV’s Level 4 ADS was not engaged and a test driver was operating the Waymo AV in manual mode. The Waymo AV sustained damage.",0,-1,3,-1,0,-1,7,-1,1,-1,4,-1,-1,
Waymo LLC,Waymo LLC,05/13/2024,12:58,0,2021,Jaguar,I-Pace,CA,Interstate 10 East between Exit 2 and Exit 3A,Los Angeles,Los Angeles,CA,90064,0,-1,2,3,0 3 ,Empty,Empty,UNK,0,-1,Empty,0,0,0,"On May 13, 2024 at 12:58 AM PT a Waymo Autonomous Vehicle (""Waymo AV"") operating in Los Angeles, CA was in a collision involving a passenger car on eastbound Interstate 10 between Exit 2 and Exit 3A. The Waymo AV was traveling with a test driver present behind a box truck in the number 3 lane of eastbound Interstate 10 near the Bundy Drive overpass when a passenger car traveling at a high rate of speed approached the Waymo AV from behind. The passenger car partially entered the number 2 lane as the front right corner of the passenger car made contact with the rear left corner of the Waymo AV. The passenger car then made contact with the center median and came to a stop. The Waymo AV was transitioned into manual mode, and the test driver stopped the Waymo AV to the right-hand shoulder. At the time of the impact, the Waymo AV's Level 4 ADS was engaged in autonomous mode, and a test driver was present (in the driver’s seating position). Both vehicles sustained damage.",1,1,3,3,0,0,7,7,1,9,-1,2,-1,
"Pony.AI, Inc.",Pony.ai,05/15/2024,03:25,1,2019,Lincoln,MKZ,CA,"Auto Mall Pkwy, Auto Mall Pkwy & Grimmer Blvd",Fremont,Alameda,CA,94538,0,2,1,2,26,Empty,Empty,Empty,-1,-1,Empty,-1,-1,0,"On May 15, 2024, the front right bumper of a Pony.ai autonomous vehicle (AV) scraped against a flexible plastic traffic pylon on Auto Mall Pkwy near the intersection of Auto Mall Pkwy & Grimmer Blvd, in Fremont, CA. The vehicle was operating in supervised autonomous (“Drivered”)  mode. There were no other vehicles, pedestrians, or road users involved.Following the incident, the safety operator pulled over in a safe location and confirmed there was only minor cosmetic damage to the front bumper of the AV. The safety operator then promptly drove the vehicle, in manual mode, to Pony.ai’s Fremont office. There were no injuries, and the police were not called.",0,-1,0,-1,0,-1,7,-1,1,-1,1,-1,-1,
Waymo LLC,Waymo LLC,05/17/2024,11:45,0,2024,Jaguar,I-Pace,CA,I-280 North between Exits 54B and 55,San Francisco,San Francisco,CA,94124,0,-1,2,2,23,2022,Hyundai Sonata,CA,0,-1,2,-1,-1,1,"On May 17, 2024 at 11:45 AM PT a Waymo Autonomous Vehicle (""Waymo AV"") operating in San Francisco, California was in a collision involving a passenger car on Interstate 280 North between exits 54B and 55. The Waymo AV was traveling north on Interstate 280 in the rightmost lane in autonomous mode with a test driver seated in the driver's seated position when it approached a slow-moving heavy truck equipped with a truck-mounted light matrix displaying a yellow arrow indicating that traffic should merge to the left. The Waymo AV slowed down behind the heavy truck and the test driver transitioned the Waymo AV to manual mode. The test driver stopped the Waymo AV and activated the left turn signal. Several vehicles passed the Waymo AV on the left side before the test driver manually initiated a left lane change, and the front passenger side of a passenger car which was passing the Waymo AV on the left made contact with the front driver side of the Waymo AV. At the time of the impact, the Waymo AV's Level 4 ADS was not engaged and a test driver was operating the Waymo AV in manual mode.  Both vehicles sustained damage.",1,1,0,0,0,0,7,7,9,1,1,1,-1,
Waymo LLC,Waymo LLC,05/20/2024,03:02,0,2021,Jaguar,I-Pace,CA,14th Street at Folsom Street,San Francisco,San Francisco,CA,94103,1,-1,2,3,11 15 ,Empty,Toyota,CA,0,-1,2,-1,-1,0,"On May 20, 2024 at 3:02 AM PT a Waymo Autonomous Vehicle (“Waymo AV”) operating in San Francisco, California was in a collision involving a passenger car on 14th Street at Folsom Street. The Waymo AV was traveling east on 14th Street and came to a stop at a red light at the intersection with Folsom Street to prepare for a left turn. When the light turned green, the Waymo AV proceeded into the intersection. As it did so, a passenger car traveling southbound on Folsom Street at a high rate of speed entered the intersection against a red traffic light. The front of the passenger car made contact with the driver’s side of the Waymo AV. At the time of the impact, the Waymo AV’s Level 4 ADS was engaged in autonomous mode. Both vehicles sustained damage, and the passengers of the passenger car left the scene on foot. ",0,0,2,2,0,0,7,7,0,1,-1,3,-1,
"Nuro, Inc.","Nuro, Inc.",05/22/2024,03:45,1,2022,Toyota,Prius,CA,Webster Street and Middlefield Road,Palo Alto,Santa Clara,CA,94303,0,0,1,1,-1,Empty,Empty,Empty,-1,-1,Empty,-1,-1,1,"On Wednesday, May 22, 2024 at approximately 3:45pm PST, a Nuro Prius operating in manual mode bumped a pedestrian at the
intersection of Webster Street and Middlefield Road in Palo Alto, California.

The Nuro Prius was in autonomous mode when it approached the intersection and came to a stop at the stop bar on Webster Street. It is
a two-way stop with the traffic on Middlefield having right of way. The Nuro Prius nudged forward due to an occlusion.The Nuro operator judged the nudging to be too far and disengaged autonomous mode to reverse in manual. When reversing, the operator bumped a pedestrian crossing the street behind the Nuro Prius. 

The pedestrian was not injured and after speaking with the operator, left the scene without providing additional information. There was no damage to the vehicle and law enforcement was not involved.",0,-1,0,-1,-1,-1,-1,-1,6,-1,6,-1,12,
Zoox Inc.,Zoox,05/30/2024,04:02,1,2023,Zoox,sedan,CA,Chess Drive approaching Foster City Blvd,Foster City,San Mateo,CA,94404,0,2,2,3,25 26 29 ,2012,Nissan ,CA,0,-1,2,-1,-1,0,"A Zoox vehicle (Vehicle 1) in autonomy was traveling westbound on Chess Drive in Foster City when a parallel-parked passenger car (Vehicle 2) abruptly entered the Zoox vehicle’s travel lane from a parking space in the right parking lane without yielding or activating a turn signal. Vehicle 2 made contact with the right front side and wheel of the Zoox vehicle, and the Zoox vehicle made contact with the driver side door and left front tire/wheel well of the passenger car. Both vehicles sustained moderate damage and the Zoox vehicle was towed from the scene. There were no injuries and police were not called.",0,0,0,0,0,0,7,7,1,11,1,3,-1,
Waymo LLC,Waymo LLC,06/03/2024,04:54,1,2021,Jaguar,I-Pace,CA,Admiralty Way at Bali Way,Marina Del Rey,Los Angeles,CA,90292,0,-1,2,2,3,2022,Chevrolet Malibu LT,WA,0,-1,2,-1,-1,0,"On June 3, 2024 at 4:54 PM PT a Waymo Autonomous Vehicle (“Waymo AV”) operating in Marina Del Rey, California was in a collision involving a passenger car on Admiralty Way at Bali Way. The Waymo AV was making a left turn from the rightmost dedicated left turn lane on Admiralty Way into lane two of three lanes in the eastbound direction of Bali Way. A passenger car was also making a left turn from the leftmost dedicated left turn lane (leftmost lane). The passenger car had made the turn onto Bali Way and was partially in the number 1 lane (leftmost) and partially in the number 2 lane (middle) when the front passenger side of the passenger car made contact with the rear driver side of the Waymo AV, which was traveling in the number 2 lane (middle). At the time of the impact, the Waymo AV’s Level 4 ADS was engaged in autonomous mode, and a test driver was present (in the driver’s seating position). Both vehicles sustained damage.",1,1,0,0,0,0,7,7,4,4,-1,1,-1,
Waymo LLC,Waymo LLC,06/04/2024,06:26,1,2021,Jaguar,I-Pace,CA,Lombard Street at Fillmore Street,San Francisco,San Francisco,CA,94123,1,-1,2,3,0 1 2 ,2021,Toyota RAV4 Hybrid LE,CA,0,-1,2,-1,-1,0,"On June 4, 2024 at 6:26 PM PT  a Waymo Autonomous Vehicle (“Waymo AV”) operating in San Francisco, California was in a collision involving an SUV on Lombard Street at Fillmore Street. The Waymo AV was stopped in traffic for a red light on eastbound Lombard Street when an SUV traveling at a high rate of speed changed lanes and approached the Waymo AV from behind. The front of the SUV made contact with the rear of the Waymo AV. At the time of the impact, the Waymo AV’s Level 4 ADS was engaged in autonomous mode. Both vehicles sustained damage.",0,0,0,0,0,0,7,7,0,1,-1,2,-1,